Title,Description,URL
One-Punch Man,"Studios: Madhouse
Genres: Action, Comedy",https://youtu.be/atxYe-nOa9w?si=B5f9qNGRIpOwAfVf
Chainsaw Man ,"Studios: MAPPA
Genres: Action, Fantasy",https://youtu.be/dFlDRhvM4L0?si=kdRa-zTI80A-8QDC
Cyberpunk: Edgerunners ,"Studios: Trigger
Genres: Action, Sci-Fi",https://youtu.be/OifiVCnFKzM?si=BwHOro2TNJp2ewIz
Dan Da Dan,"Studios: Science SARU
Genres: Action, Comedy, Supernatural",https://youtu.be/a4na2opArGY?si=Rn0rcag25jB7e5WQ
Demon Slayer,"Studios: ufotable
Genres: Action, Award Winning, Supernatural",https://youtu.be/pmanD_s7G3U?si=nOcB09ERiCG1hvUK
Fire Force,"Studios: David Production
Genres: Action, Fantasy, Sci-Fi",https://youtu.be/JBqxVX_LXvk?si=Xc_QO6iKEbPRfsfd
Jujutsu Kaisen,"Studios: MAPPA
Genres: Action, Award Winning, Supernatural",https://youtu.be/GwaRztMaoY0?si=d_5EpF-fTPWoFNZF
Kuroko's Basketball ,"Studios: Production I.G
Genre: Sports",https://youtu.be/5RVEM8-UKlg?si=UBpMIi0G6gRttL8p
Solo Leveling,"Studios: A-1 Pictures
Genres: Action, Adventure, Fantasy",https://youtu.be/XqD0oCHLIF8?si=7C8fdLGPspo_mlsq
Sword Art Online,"Studios: A-1 Pictures
Genres: Action, Adventure, Fantasy, Romance",https://youtu.be/Y4kfe8R1Iqs?si=SOIek1sV63ni4alv
A Certain Magical Index,"Studios: J.C.Staff
Genres: Action, Fantasy, Sci-Fi",https://youtu.be/fv2Ybecq92E?si=Xj9YfCnIbfMMZES8
A Certain Scientific Railgun ,"Studios: J.C.Staff
Genres: Action, Fantasy, Sci-Fi",https://youtu.be/WTWn8M_S2FA?si=tJPiEzuyw-6jSb3i
A Journey Through Another World: Raising Kids While Adventuring,"Studios: EMT Squared
Genres: Adventure, Fantasy",https://youtu.be/hJxveaQZd2s?si=LhD0wmlXgxzL-Rbx
Alya Sometimes Hides Her Feelings in Russian,"Studios: Doga Kobo
Genres: Comedy, Romance",https://youtu.be/MBM7qyH-YDY?si=paB3gkuTIVhTgTtX
Aoashi,"Studios: Production I.G
Genre: Sports",https://youtu.be/LOO3xyFijDk?si=sXM0lkUlet8kQJlb
Arifureta: From Commonplace to World's Strongest,"Studios: asread., White Fox
Genres: Action, Adventure, Fantasy",https://youtu.be/eZN3afhTyGY?si=-G2CYh4Da5I0t3XQ
Attack on Titan,"Studios: Wit Studio
Themes: Gore, Military, Survival",https://youtu.be/8OkpRK2_gVs?si=6HPtB1RfiQnWvCE-
Bakugan Battle Brawlers,"Studios: TMS Entertainment
Genres: Action, Fantasy",https://youtu.be/FtaSeAUVBVc?si=vv-Bhn48iejvgF27
Ben-To ,"Studios: David Production
Genres: Action, Comedy, Gourmet",https://youtu.be/4Vcif419h-o?si=trDEB91-PDpaofKS
Beyblade,"Studios: Madhouse
Genres: Adventure, Comedy, Sports",https://youtu.be/P8gZbrDNbHM?si=u66-4xJbmurHVcCf
Black Bullet,"Studios: Kinema Citrus, Orange
Genres: Action, Mystery, Sci-Fi",https://youtu.be/as1Rz1KODXc?si=oCv50H76e07nZ7_R
Black Lagoon,"Studios: Madhouse
Genre: Action",https://youtu.be/dWfxcRj39tg?si=lCO31lFhY59HM70N
Black Summoner,"Studios: Satelight
Genres: Action, Fantasy",https://youtu.be/qNhdcH6CUn0?si=bizondiI-7r3NfBI
Bleach,"Studios: Studio Pierrot
Genres: Action, Adventure, Supernatural",https://youtu.be/wW9TwZdWpjw?si=QAxmlr1FZ3N7d6Pw
Blood Blockade Battlefront,"Studios: Bones
Genres: Action, Fantasy",https://youtu.be/4J8jcI0WtzM?si=yMhzSpbLzfuuSPHs
Blue Exorcist,"Studios: A-1 Pictures
Genres: Action, Supernatural",https://youtu.be/s99s4VCtCP8?si=TmpG7JFKd42bV3Dn
Boarding School Juliet,"Studios: LIDENFILMS
Genres: Action, Comedy, Romance",https://youtu.be/tef558exGAI?si=QHN5EXqPA_y_22I_
"BOFURI: I Don't Want to Get Hurt, so I'll Max Out My Defense. ","Studios: SILVER LINK.
Genres: Action, Adventure, Comedy, Fantasy",https://youtu.be/MVTMQbd4shI?si=6xUQFeAx5aHm01pQ
Bottom-Tier Character Tomozaki,"Studios: Project No.9
Genres: Drama, Romance",https://youtu.be/xH7ZRJGqYjs?si=vGqUSjK-uU7pIyMS
Bungo Stray Dogs,"Studios: Bones
Genres: Action, Mystery",https://youtu.be/sDhgSZXPLdY?si=MGrvwTgOxU8g1My-
Call of the Night ,"Studios: LIDENFILMS
Genres: Romance, Supernatural",https://youtu.be/L96VbQ9ytWk?si=Rk6joBG4BFNiPhzT
Chaika: The Coffin Princess,"Studios: Bones
Genres: Action, Adventure, Fantasy, Romance",https://youtu.be/pm409LlzHIg?si=jbm-cOmb9pPlhDyk
Charlotte,"Studios: P.A. Works
Genre: Drama",https://youtu.be/kYm-0pr5t50?si=vlcrVwiqqk4d_crA
Classroom of the Elite,"Studios: Lerche
Genres: Drama, Suspense",https://youtu.be/hsfBOwAIhOw?si=IrFhleriEBl8O77G
Claymore ,"Studios: Madhouse
Genres: Action, Adventure, Fantasy",https://youtu.be/dbj9Yjskco0?si=1sytFXAWi_siFz4E
D.Gray-man ,"Studios: TMS Entertainment
Genres: Action, Adventure, Fantasy",https://youtu.be/hh871BowF7E?si=MHSWK_BgcHji24Z1
Danganronpa,"Studios: Lerche
Genres: Horror, Mystery, Suspense",https://youtu.be/Avr-Iu5vWsM?si=rXNZQzurXOUyuuHE
Dark Gathering,"Studios: OLM
Genres: Horror, Supernatural",https://youtu.be/8STQ4ML0Y7E?si=65LZXxTdBANkW7iF
Death Note ,"Studios: Madhouse
Genres: Supernatural, Suspense",https://youtu.be/Bt3D3Ca9nww?si=YMZQwiTe3TLkCCwO
Death Parade,"Studios: Madhouse
Genres: Drama, Fantasy, Suspense",https://youtu.be/Ca5Tf5BDSYI?si=bGEhL28iAIZBPQD5
Digimon,"Studios: Toei Animation
Genres: Action, Adventure, Comedy, Fantasy",https://youtu.be/XV2TfYSgXT4?si=WAictRVocwI9_yZd
Domestic Girlfriend,"Studios: Diomedéa
Genres: Drama, Romance",https://youtu.be/5WoZyCur8BM?si=Mxu0b6QaIAhsr-Bh
Dorohedoro,"Studios: MAPPA
Genres: Action, Comedy, Fantasy, Horror",https://youtu.be/iH_YJde1yps?si=bUtvvAIrqGmGQhtH
Dororo,"Studios: Tezuka Productions, MAPPA
Genres: Action, Adventure, Fantasy",https://youtu.be/6vk4X0EF0kc?si=BhIPBXaQZ8Y4PaaY
Dragon Ball,"Studios: Toei Animation
Genres: Action, Adventure, Comedy, Fantasy",https://youtu.be/FJqGirLjQn4?si=10GNmJ9xf_XqYfqt
Fate,"Studios: ufotable
Genres: Action, Fantasy",https://youtu.be/gCnCFtbY0ZI?si=YFvdh6j53kG37iZs
Frieren: Beyond Journey's End,"Studios: Madhouse
Genres: Adventure, Award Winning, Drama, Fantasy",https://youtu.be/QoGM9hCxr4k?si=08Xl-xzEBgfEHX8I
Fullmetal Alchemist,"Studios: Bones
Genres: Action, Adventure, Drama, Fantasy",https://youtu.be/elyXcwunIYA?si=Kl1qrVbuMhTEJpTa
Goblin Slayer,"Studios: White Fox
Genres: Action, Adventure, Fantasy",https://youtu.be/0i0z98M2y5U?si=WYInw8xS6msrroBI
Grand Blue Dreaming,"Studios: Zero-G
Genre: Comedy",https://youtu.be/0PpTUtHtwt4?si=ax7kZs8n0PXAZUkp
Haikyu!!,"Studios: Production I.G
Genre: Sports",https://youtu.be/KBkqRCn4INY?si=0m6iqUvjmbHCdyNa
Hell's Paradise,"Studios: MAPPA
Genres: Action, Adventure, Supernatural",https://youtu.be/04WuoQMhhxw?si=blE774ZmeqIm4Xvn
Hellsing,"Studios: Gonzo
Genres: Action, Horror, Supernatural",https://youtu.be/rBPegoYoD9Q?si=jS3CgEfioONf4_h0
High Card,"Studios: Studio Hibari
Genres: Action, Fantasy",https://youtu.be/sReGofRTzwQ?si=ZIuEvJvRXxw5pdoq
High School DxD,"Studios: TNK
Genres: Action, Comedy, Romance, Supernatural, Ecchi",https://youtu.be/NA6kahymBUk?si=iAN7pb-abx5qoEbR
Horimiya,"Studios: CloverWorks
Genre: Romance",https://youtu.be/7DpONAPM3Zw?si=eMZq6snd_FDIcZDf
Hunter x Hunter ,"Studios: Madhouse
Genres: Action, Adventure, Fantasy",https://youtu.be/faqmNf_fZlE?si=vomSNbUf22bEOBYY
I'm Quitting Heroing,"Studios: EMT Squared
Genres: Action, Adventure, Comedy, Fantasy",https://youtu.be/hJt8cctjXr0?si=lvBlV8wqwX4ezCHY
ID: INVADED,"Studios: NAZ
Genres: Mystery, Sci-Fi, Suspense",https://youtu.be/sfpCjy7Q8_M?si=vsuulztgxOV6GkK-
Interspecies Reviewers ,"Studios: Passione
Genres: Comedy, Fantasy, Erotica",https://youtu.be/sFLsF5U4ag8?si=tRISHyGSqWnv0h7p
Is It Wrong to Try to Pick Up Girls in a Dungeon?,"Studios: J.C.Staff
Genres: Action, Adventure, Fantasy",https://youtu.be/0H_RCGEcjhs?si=EZiez_s1SoXhJyQU
JoJo's Bizarre Adventure,"Studios: David Production
Genres: Action, Adventure, Supernatural",https://youtu.be/1ZKAQzGYYSo?si=ECYCKIS3zxOyTfKe
Jormungand,"Studios: White Fox
Genres: Action, Adventure",https://youtu.be/uDhEtUl7U-A?si=85noKJwpWiF1VU62
Juni Taisen: Zodiac War,"Studios: Graphinica
Genres: Action, Suspense",https://youtu.be/obVdi9AFUQQ?si=PaKYqnOI3PMJwu_8
K ,"Studios: GoHands
Genres: Action, Mystery",https://youtu.be/09kI9tt1BJc?si=Eh5IFvd1DzjGYCKG
Keijo!!!!!!!!,"Studios: Xebec
Genres: Sports, Ecchi",https://youtu.be/SSo3gVnQaKo?si=y03Oj-yCluUvQ0rn
Kemono Jihen,"Studios: Ajia-do
Genres: Action, Mystery, Supernatural",https://youtu.be/6JyDgWe_UrQ?si=UlwAZ20T_VoVABNK
Kill la Kill,"Studios: Trigger
Genres: Action, Comedy, Fantasy, Ecchi",https://youtu.be/9_5LhZ7pQpM?si=ttEr6eIntUWEfrlQ
Konohana Kitan,"Studios: Lerche
Genres: Fantasy, Girls Love, Slice of Life",https://youtu.be/bjzRUQ4gb7o?si=PtFfNAFgMUr4ImlB
Link Click,"Studios: LAN Studio
Genres: Drama, Mystery, Suspense",https://youtu.be/ZtEBMYcZvjY?si=ZEgFiWKoS2HlybrO
Lord of Mysteries,"Studios: B.CMAY PICTURES
Genres: Action, Fantasy, Mystery, Suspense",https://youtu.be/8z5GCgW4yrM?si=g3e1DZq611fHUABq
Love After World Domination,"Studios: Project No.9
Genres: Action, Comedy, Fantasy, Romance",https://youtu.be/yNkMTniqjsU?si=TJ1f-tG1FggylJlC
Love Flops ,"Studios: Passione
Genres: Comedy, Romance, Sci-Fi, Ecchi",https://youtu.be/KulhWw9mQg4?si=2t15JuhipyXOGWcz
Made in Abyss,"Studios: Kinema Citrus
Genres: Adventure, Drama, Fantasy, Mystery, Sci-Fi",https://youtu.be/e91G8m9uM_0?si=qnbYoQ_Vo4RhzIoH
Magic Maker: How to Make Magic in Another World,"Studios: Studio Deen
Genre: Fantasy",https://youtu.be/Ife3XVrTLnI?si=J_ghKxSFHKqO-N31
Megalobox ,"Studios: TMS Entertainment
Genres: Sci-Fi, Sports",https://youtu.be/ByMrJy5p7q8?si=ZZVYuex3CgfK09R2
Mieruko-chan,"Studios: Passione
Genres: Comedy, Horror",https://youtu.be/stn29mdlKqA?si=HpwiFZ6rz7EjdCIa
Miss Kobayashi's Dragon Maid,"Studios: Kyoto Animation
Genres: Slice of Life, Supernatural",https://youtu.be/Ku5fgOHy1JY?si=MAkQRahQq_mGaMnc
Mob Psycho 100,"Studios: Bones
Genres: Action, Comedy, Supernatural",https://youtu.be/Bw-5Lka7gPE?si=jOogF8e-BXph_5d4
"More than a Married Couple, but Not Lovers.","Studios: studio MOTHER
Genre: Romance",https://youtu.be/cQP18wYFtvY?si=HtjGtrYVNR76EtE0
Mushoku Tensei: Jobless Reincarnation,"Studios: Studio Bind
Genres: Adventure, Drama, Fantasy, Ecchi",https://youtu.be/pEoCT-Kv5CI?si=WofkBEjxh9ZC0Pr3
My Deer Friend Nokotan,"Studios: Wit Studio
Genre: Comedy",https://youtu.be/pxEV1A5mTYM?si=eYYOTEedB5SjrLHT
My Dress-Up Darling,"Studios: CloverWorks
Genre: Romance",https://youtu.be/oG4eu4HMtbo?si=wkGmJrcC-p3idFF8
My Hero Academia,"Studios: Bones
Genre: Action",https://youtu.be/yu0HjPzFYnY?si=mcJF7odrruHwZ3k-
Naruto,"Studios: Studio Pierrot
Genres: Action, Adventure, Fantasy",https://youtu.be/q1aq9GEHR8Q?si=I1PvRuGlvuiO5Gdg
Nekopara,"Studios: Felix Film
Genre: Slice of Life",https://youtu.be/bVtSUIiawEs?si=EC9i8zDn3IMGKqGn
Nisekoi: False Love,"Studios: Shaft
Genres: Comedy, Romance",https://youtu.be/G5YmZRs_L9k?si=MwOvSEAjojO0SlDC
"No Game, No Life","Studios: Madhouse
Genres: Comedy, Fantasy, Ecchi",https://youtu.be/6CBp4qylX6I?si=Yq45HCsmQWwFRxIa
Noragami ,"Studios: Bones
Genres: Action, Supernatural",https://youtu.be/gWCnKoEgfP0?si=3h85VYke0GowZDuH
One Piece,"Studios: Toei Animation
Genres: Action, Adventure, Fantasy",https://youtu.be/YoeP9w5UIlg?si=JdKWM3BmJGi6yhoz
Peach Boy Riverside,"Studios: Asahi Production
Genres: Action, Adventure, Fantasy",https://youtu.be/zlhqLdmn9dw?si=4OviLVjQTRARkX6U
Pokémon,"Studios: OLM
Genres: Action, Adventure, Comedy, Fantasy",https://youtu.be/6xKWiCMKKJg?si=VMsCVP4pQo9JWEkB
Ranking of Kings,"Studios: Wit Studio
Genres: Adventure, Fantasy",https://youtu.be/s5SSAXK6bQE?si=iYccoh6TdXG4ksTT
Rascal Does Not Dream of Bunny Girl Senpai ,"Studios: CloverWorks
Genres: Drama, Romance, Supernatural",https://youtu.be/HIoeEngUiKU?si=O_zLLBI_-RRRj68P
Redo of Healer ,"Studios: TNK
Genres: Action, Fantasy, Erotica",https://youtu.be/NOHKYZdDO7g?si=O-DPSmzsFUdlpEOc
Remake Our Life!,"Studios: feel.
Genres: Drama, Romance",https://youtu.be/URTn52pY9KY?si=7xFLmRwwSbTBoRtd
Run with the Wind,"Studios: Production I.G
Genres: Drama, Sports",https://youtu.be/PxQI5f2Stbg?si=V7DFmg-x4EIA7nOU
Sabikui Bisco,"Studios: OZ
Genres: Action, Adventure, Fantasy, Sci-Fi",https://youtu.be/DP0RnPp9gNA?si=Fhqdvf6DSE_PB2U6
Saga of Tanya the Evil,"Studios: Nut
Genres: Action, Fantasy",https://youtu.be/fggISqEyuew?si=MForS-2Vm6TOAtMl
Salaryman's Club,"Studios: LIDENFILMS
Genre: Sports",https://youtu.be/BAv38U7rNpc?si=rnKLAqmE3NgM2Y6M
"Science Fell in Love, So I Tried to Prove It ","Studios: Zero-G
Genres: Comedy, Romance",https://youtu.be/POKhar54nYU?si=6N24TRkybsMqeJM-
Shadows House,"Studios: CloverWorks
Genres: Fantasy, Mystery",https://youtu.be/oq8eIOU5nJE?si=yfGGZfbp9R1KomON
Shaman King,"Studios: Bridge
Genres: Action, Adventure, Supernatural",https://youtu.be/emrOpnSCYao?si=mY_e-bMpy3ELZiOJ
Shangri-La Frontier,"Studios: C2C
Genres: Action, Adventure, Fantasy",https://youtu.be/GasIaj6iNOU?si=m9IMM0s4ia9DLZYX
Soul Eater ,"Studios: Bones
Genres: Action, Comedy, Fantasy",https://youtu.be/zzJ8U8OtEsE
"Spare Me, Great Lord!","Studios: Big Firebird Culture
Genres: Action, Adventure, Comedy, Fantasy",https://youtu.be/DDf8_Bj4XOw
Summer Time Rendering ,"Studios: OLM
Genres: Mystery, Supernatural, Suspense",https://youtu.be/8wjHaeCgbps
Super Cube,"Studios: Big Firebird Culture
Genres: Action, Adventure, Fantasy",https://youtu.be/B4torQNiIBU
Takt Op. Destiny,"Studios: Madhouse, MAPPA
Genres: Action, Fantasy, Sci-Fi",https://youtu.be/cnGr30mbypo
Talentless Nana ,"Studios: Bridge
Genre: Suspense",https://youtu.be/878nfHpKo3Q
That Time I Got Reincarnated as a Slime,"Studios: 8bit
Genres: Action, Comedy, Fantasy",https://youtu.be/ZhvUomsfG8o
The Apothecary Diaries,"Studios: OLM, TOHO animation STUDIO
Genres: Drama, Mystery",https://youtu.be/EQ-DKvLQlyQ
The Brilliant Healer's New Life in the Shadows,"Studios: Makaria
Genre: Fantasy",https://youtu.be/WqT1L37u0vE
The Comic Artist and His Assistants ,"Studios: Zexcs
Genres: Comedy, Ecchi",https://youtu.be/tY3pWDJQmzE
The Daily Life of the Immortal King,"Studios: Haoliners Animation
Genres: Adventure, Comedy, Fantasy",https://youtu.be/dN1SeQevtn8
The Faraway Paladin,"Studios: Children's Playground Entertainment
Genres: Action, Adventure, Fantasy",https://youtu.be/2Xvw3JLAAsg
The God of High School,"Studios: MAPPA
Genres: Action, Fantasy",https://youtu.be/eRJyYfAq2tk
The Ice Guy and His Cool Female Colleague,"Studios: Zero-G, Liber
Genres: Comedy, Fantasy, Romance",https://youtu.be/i8fDrq89nec
The King's Avatar,"Studios: B.CMAY PICTURES
Genre: Action",https://youtu.be/RgmPcvK7nBA
The Promised Neverland,"Studios: CloverWorks
Genres: Mystery, Suspense",https://youtu.be/yB2t5y7ujlg
The Seven Deadly Sins,"Studios: A-1 Pictures
Genres: Action, Adventure, Fantasy",https://youtu.be/MHsp-KkGo_g
To Be Hero X,"Studios: Pb Animation, LAN Studio, Paper Plane Animation Studio, B.COOL STUDIO
Genre: Action",https://youtu.be/j0KhH04xMlE
Tokyo Ghoul ,"Studios: Studio Pierrot
Genres: Action, Fantasy, Horror, Suspense",https://youtu.be/7aMOurgDB-o
Toradora! ,"Studios: J.C.Staff
Genres: Drama, Romance",https://youtu.be/BDoNRDqgmT0
Undead Murder Farce,"Studios: Lapin Track
Genres: Fantasy, Mystery",https://youtu.be/USr-jDwBlgc
Undead Unluck,"Studios: David Production
Genres: Action, Comedy",https://youtu.be/V9baXCr--yw
Urara Meirocho,"Studios: J.C.Staff
Genres: Comedy, Fantasy",https://youtu.be/XeX7-LZcFgA
Vinland Saga,"Studios: Wit Studio
Genres: Action, Adventure, Drama",https://youtu.be/l5wAdQ-UkWY
Welcome to Demon School! Iruma-kun ,"Studios: Bandai Namco Pictures
Genres: Comedy, Fantasy",https://youtu.be/3uHGkJbNkX0
Wistoria: Wand and Sword ,"Studios: Actas, Bandai Namco Pictures
Genres: Action, Fantasy",https://youtu.be/Fm_u3IrBzQg
X&Y ,"Studios: Lingsanwu Animation
Genres: Mystery, Suspense",https://youtu.be/mooXyemAuIk
Yu-Gi-Oh!,"Studios: Gallop
Genres: Action, Adventure, Fantasy",https://youtu.be/Cb3ggoyqXmU
Akashic Records of Bastard Magic Instructor,"Studios: LIDENFILMS
Genres: Action, Fantasy",https://youtu.be/URRcX_RCjTo
Akebi's Sailor Uniform,"Studios: CloverWorks
Genre: Slice of Life",https://youtu.be/P_xmA7nSWCs
Amagami SS ,"Studios: AIC
Genre: Romance",https://youtu.be/4rCQWcYuuBM
Ao no Orchestra,"Studios: Nippon Animation
Genre: Drama",https://youtu.be/1BkadFixBX4
Battle Game in 5 Seconds,"Studios: SynergySP, Vega Entertainment
Genres: Action, Suspense",https://youtu.be/ydsFPdjzInY
Beyond the Boundary,"Studios: Kyoto Animation
Genres: Action, Supernatural",https://youtu.be/JCQ_Xjaz5ek
Black Clover,"Studios: Studio Pierrot
Genres: Action, Fantasy",https://youtu.be/_6KZI74zKfE
Blue Lock,"Studios: 8bit
Genre: Sports",https://youtu.be/5Iv3Fi8eb7w
Blue Period ,"Studios: Seven Arcs
Genre: Drama",https://youtu.be/q0ypHogc6wg
Bubble,"Studios: Wit Studio
Genres: Action, Sci-Fi",https://youtu.be/fHDJWo_74Ac
Cells at Work! ,"Studios: David Production
Genre: Comedy",https://youtu.be/aFe3srrhLdI
Dead Mount Death Play,"Studios: Geek Toys
Genres: Action, Fantasy",https://youtu.be/ToeO0rWl-xY
"Don't Toy with Me, Miss Nagatoro","Studios: Telecom Animation Film
Genres: Comedy, Romance",https://youtu.be/upCUEPBSdmI
Dr. Stone ,"Studios: TMS Entertainment
Genres: Adventure, Comedy",https://youtu.be/tF4faMbs5oQ
Dragon Raja,"Studios: GARDEN Culture
Genre: Fantasy",https://youtu.be/2dM0QtCoRTI
Fena: Pirate Princess,"Studios: Production I.G
Genres: Action, Adventure, Fantasy",https://youtu.be/Zhwzq_KXnC8
Fog Hill of Five Elements ,"Studios: Samsara Animation Studio
Genres: Action, Fantasy",https://youtu.be/SBPiekqafY4
Food Wars!,"Studios: J.C.Staff
Genres: Gourmet, Ecchi",https://youtu.be/251nvywgHdg
Forest of Piano ,"Studios: Gaina
Genre: Drama",https://youtu.be/7Dc73xKj5N0
Full Dive: The Ultimate Next-Gen Full Dive RPG Is Even Shittier than Real Life!,"Studios: ENGI
Genres: Action, Comedy, Fantasy",https://youtu.be/o3Bx5UXEUGE
Gachiakuta,"Studios: Bones Film
Genres: Action, Fantasy",https://youtu.be/9f89PWhv8YE
Gleipnir,"Studios: PINE JAM
Genres: Action, Mystery, Ecchi",https://youtu.be/CSrfJBwRvEM
Heavenly Delusion ,"Studios: Production I.G
Genres: Adventure, Mystery, Sci-Fi",https://youtu.be/RKME_MRYKLg
Kaguya-sama: Love is War,"Studios: A-1 Pictures
Genres: Comedy, Romance",https://youtu.be/WZof19wk4Ec
Kaiju No. 8,"Studios: Production I.G
Genres: Action, Fantasy, Sci-Fi",https://youtu.be/aso1mQLUAbc
Life Lessons with Uramichi-Oniisan,"Studios: Studio Blanc.
Genre: Comedy",https://youtu.be/foy1HOfXsEY
Log Horizon,"Studios: Satelight
Genres: Action, Adventure, Fantasy",https://youtu.be/MtPBQ4BhzOY
Love Live! School Idol Project ,"Studios: Sunrise
Genre: Slice of Life",https://youtu.be/s_zYBM337P4
Love of Kill,"Studios: Platinum Vision
Genres: Action, Romance",https://youtu.be/l7sR4cdtOaU
"Love, Chunibyo & Other Delusions! ","Studios: Kyoto Animation
Genres: Comedy, Romance",https://youtu.be/Ep3QkaabO-c
Lycoris Recoil,"Studios: A-1 Pictures
Genre: Action",https://youtu.be/VxR_BYPG7v4
My Teen Romantic Comedy SNAFU ,"Studios: Brain's Base
Genres: Comedy, Romance",https://youtu.be/RFrTfEa4cyw
Noblesse ,"Studios: Production I.G
Genres: Action, Supernatural",https://youtu.be/Odst8rhgCWI
Orient ,"Studios: A.C.G.T.
Genres: Action, Adventure, Fantasy",https://youtu.be/kI6kKe7plhc
Osamake: Romcom Where the Childhood Friend Won't Lose ,"Studios: Doga Kobo
Genres: Comedy, Romance",https://youtu.be/yGMbT7izHiM
Overlord ,"Studios: Madhouse
Genres: Action, Adventure, Fantasy",https://youtu.be/KOWcj7XKnfQ
Phi-Brain ~ Puzzle of God,"Studios: Sunrise
Genres: Action, Mystery, Suspense",https://youtu.be/PO05zJ7yN1o
Platinum End ,"Studios: Signal.MD
Genres: Drama, Supernatural, Suspense",https://youtu.be/ZDhywizAidY
Ragna Crimson ,"Studios: SILVER LINK.
Genres: Action, Fantasy",https://youtu.be/DUqKtA0CESs
ReLIFE ,"Studios: TMS Entertainment
Genres: Drama, Romance",https://youtu.be/EMe_zK3th8E
Rent-a-Girlfriend ,"Studios: TMS Entertainment
Genres: Comedy, Romance",https://youtu.be/cM1WSovcn4I
Revenger ,"Studios: Ajia-do
Genres: Action, Drama, Mystery",https://youtu.be/vKtR0svZOAo
Ron Kamonohashi's Forbidden Deductions ,"Studios: Diomedéa
Genres: Comedy, Mystery",https://youtu.be/y1BuvBvcubo
Sakamoto Days ,"Studios: TMS Entertainment
Genres: Action, Comedy",https://youtu.be/ZVkcjgTfLHU
Sentenced to Be a Hero ,"Studios: Studio KAI
Genres: Action, Adventure, Fantasy",https://youtu.be/OSNBVXs2CIE
Shakugan no Shana-tan,"Studios: J.C.Staff
Genres: Comedy, Supernatural",https://youtu.be/FcPyXp5_8fk
She Professed Herself Pupil of the Wise Man ,"Studios: Studio A-CAT
Genres: Adventure, Fantasy",https://youtu.be/2UR522hmLDg
Shikimori's Not Just a Cutie ,"Studios: Doga Kobo
Genres: Comedy, Romance",https://youtu.be/Bme2siFikIs
Shinobi no Ittoki ,"Studios: TROYCA
Genre: Action",https://youtu.be/IkWkZgdHIXs
Skeleton Knight in Another World ,"Studios: Studio KAI, HORNETS
Genres: Action, Adventure, Fantasy",https://youtu.be/rIWYrjXs4b4
"So I'm a Spider, So What? ","Studios: Millepensee
Genres: Action, Adventure, Comedy, Fantasy",https://youtu.be/2hyDlt_yvv4
Sound! Euphonium ,"Studios: Kyoto Animation
Genre: Drama",https://youtu.be/xt_EJXhrLOc?si=gUX8VbBOE5rYnxgt
Spirited Away ,"Studios: Studio Ghibli
Genres: Adventure, Award Winning, Fantasy",https://youtu.be/DlKK-Pcr7WM?si=pjmHg57ckdgHTJ9S
Spy Classroom ,"Studios: feel.
Genres: Action, Mystery",https://youtu.be/NeEW7LsJd50?si=gtQmYSoPkaFVCUwb
Spy x Family ,"Studios: Wit Studio, CloverWorks
Genres: Action, Award Winning, Comedy",https://youtu.be/U_rWZK_8vUY?si=-ArxJ1Bxf6x395K3
The Case Study of Vanitas ,"Studios: Bones
Genres: Action, Fantasy, Mystery",https://youtu.be/pvcy4W3qOLo?si=v_Va1yBZ4qNjjpVc
The Detective Is Already Dead ,"Studios: ENGI
Genres: Comedy, Mystery, Romance",https://youtu.be/gm94LYCVYl0?si=uxRvYnrb8o7qZlF7
The Disastrous Life of Saiki K. ,"Studios: J.C.Staff, Egg Firm
Genre: Comedy",https://youtu.be/4GNTfA-seHY?si=vvnOniC5fu8_Omva
The Eminence in Shadow ,"Studios: Nexus
Genres: Action, Comedy, Fantasy",https://youtu.be/9iQVgj4z-I4?si=_gRioiTcS_KbrPuo
The Idaten Deities Know Only Peace ,"Studios: MAPPA
Genres: Action, Adventure, Fantasy",https://youtu.be/x59-Lr9nnho?si=Zi2srkhHHUETfzHs
The Millionaire Detective  Balance: Unlimited ,"Studios: CloverWorks
Genre: Mystery",https://youtu.be/SJKQS5eYDTU?si=FqlS72dG7ld-pe65
The Misfit of Demon King Academy ,"Studios: SILVER LINK.
Genres: Action, Fantasy",https://youtu.be/hiopy_jxPIU?si=LAVLkCrHyry6CtP3
The Outcast,"Studios: Pandanium
Genres: Action, Supernatural",https://youtu.be/lomFOiviSF4?si=-BPBQh61byjQgl0x
The Quintessential Quintuplets ,"Studios: Tezuka Productions
Genres: Comedy, Romance",https://youtu.be/FKIT6G_lw7c?si=fEk3Tbu8D-oWmcdb
The Rising of the Shield Hero ,"Studios: Kinema Citrus
Genres: Action, Adventure, Drama, Fantasy",https://youtu.be/Plo0RvICDDI?si=NTc2134klnOt3C8L
To Your Eternity ,"Studios: Brain's Base
Genres: Adventure, Drama, Supernatural",https://youtu.be/2RrkFCw0t90?si=ICGzQUsW88FLIL8w
Tokyo 24th Ward ,"Studios: CloverWorks
Genres: Mystery, Sci-Fi",https://youtu.be/RolH6t8NOro?si=m7oqhcWsRjcSXYNO
Tokyo Revengers ,"Studios: LIDENFILMS
Genres: Action, Drama",https://youtu.be/By_JYrhx-WY?si=dimREVP0AgMqLIKH
Tomodachi Game ,"Studios: Okuruto Noboru
Genre: Suspense",https://youtu.be/pwizUxX_XLY?si=p5RgN63eHHJ44lUo
Tower of God ,"Studios: Telecom Animation Film
Genres: Action, Adventure, Drama, Fantasy, Mystery",https://youtu.be/apII5VFTce0?si=uO_8Lqs4b47USwHX
Tsukimichi: Moonlit Fantasy ,"Studios: C2C
Genres: Action, Adventure, Comedy, Fantasy",https://youtu.be/i80OoZ73p5g?si=2kjIXDIGUEH5FWMO
Twin Star Exorcists ,"Studios: Studio Pierrot
Genres: Action, Fantasy, Romance",https://youtu.be/Zn7VLgaafSM?si=GKcsvNZAnf0-YG-e
Uncle from Another World ,"Studios: Atelier Pontdarc
Genres: Comedy, Fantasy",https://youtu.be/rzQJ1stoUnE?si=UsFuq6t0ArneaRzY
Vivy -Fluorite Eye's Song- ,"Studios: Wit Studio
Genres: Action, Sci-Fi, Suspense",https://youtu.be/2p8ig-TrYPY?si=klwlaQ6aLWl1Y8Nl
Welcome to the Ballroom ,"Studios: Production I.G
Genre: Sports",https://youtu.be/dokiZc3DoYQ?si=kEgA_urskpI_RtKo
Witch Hat Atelier ,"Studios: BUG FILMS
Genre: Fantasy",https://youtu.be/-VGQrbaisrc?si=8ZFyQJf-XhM1S0u-
Wonder Egg Priority ,"Studios: CloverWorks
Genres: Drama, Supernatural, Suspense",https://youtu.be/tVdgHnK71MY?si=zJKzhrT96nRpxrxS
World Trigger ,"Studios: Toei Animation
Genres: Action, Sci-Fi",https://youtu.be/B7Jbd63h_iM?si=_Wks9JYXPIRmSJs4
Wotakoi,"Studios: A-1 Pictures
Genres: Comedy, Romance",https://youtu.be/XjHqfhOcK_0?si=a1V5GT2LPwG4Famt
Ya Boy Kongming! ,"Studios: P.A. Works
Genre: Comedy",https://youtu.be/gNn9NxZH2Vo?si=wcqn02L7vXbyd51e
Yakuza Fiancé: Raise wa Tanin ga Ii ,"Studios: Studio Deen
Genre: Romance",https://youtu.be/MbUoIAqpzV8?si=AgIPcO_Lv_vjSgXr
Your Lie in April ,"Studios: A-1 Pictures
Genres: Drama, Romance",https://youtu.be/fBsfD0Eytjw?si=RjKhlqtU9BU6Rmsq
Zom 100: Bucket List of the Dead ,"Studios: BUG FILMS
Genres: Comedy, Suspense",https://youtu.be/fTnhrENnJAA?si=HYRSMIj_yCTtWik5
[Oshi No Ko] ,"Studios: Doga Kobo
Genres: Award Winning, Drama",https://youtu.be/ZYlaUrj2Zkk?si=f8vyy2ilUaJ0LmRH
Gamers!,"Studios: PINE JAM
Genres: Comedy, Romance",https://youtu.be/KE2ncZsxz50?si=-KtXh2XorVAMS84G
How Not to Summon a Demon Lord,"Studios: Ajia-do
Genres: Action, Comedy, Fantasy, Romance, Ecchi",https://youtu.be/xGOJfEGQdrE?si=pdwiUnQUTG6WMGA0
I Parry Everything ,"Studios: OLM
Genres: Action, Adventure, Fantasy",https://youtu.be/W0JT_ewurYo?si=njIDID0guUfk05Hb
Knight's & Magic ,"Studios: 8bit
Genre: Fantasy",https://youtu.be/cj9cby5-3I4?si=bIDCYNUAGlZvUspQ
Komi Can't Communicate ,"Studios: OLM
Genre: Comedy",https://youtu.be/xHlx3rx5Bew?si=GF_JSepyeL1LztDb
My Isekai Life: I Gained a Second Character Class and Became the Strongest Sage in the World ,"Studios: Revoroot
Genres: Action, Adventure, Fantasy",https://youtu.be/OdxUHulKcNI?si=z2KUV1i7RL9YGD2L
My Love Story with Yamada-kun at Lv999 ,"Studios: Madhouse
Genre: Romance",https://youtu.be/mkxZXJN3zjI?si=wD_QYqqoB-UH2xEP
My Roommate is a Cat ,"Studios: Zero-G
Genre: Slice of Life",https://youtu.be/HoQfJjaoGLk?si=Kll3rRzHMW_tQRx_
No Longer Allowed in Another World ,"Studios: Atelier Pontdarc
Genres: Adventure, Comedy, Fantasy",https://youtu.be/XUfo8Tvr2NM?si=yiKZX838T_RGFPe6
Record of Ragnarok ,"Studios: Graphinica
Genres: Action, Drama, Fantasy",https://youtu.be/9FsffPTIL74?si=C-_H7wOeCyrGgIHI
Recovery of an MMO Junkie ,"Studios: Signal.MD
Genres: Comedy, Romance",https://youtu.be/Ln6NpxYb73k?si=vu_j-08jcktGdx8n
Reincarnated as a Sword ,"Studios: C2C
Genres: Action, Adventure, Fantasy",https://youtu.be/A99OznDcZbU?si=swroq7Cf4Y_R7FCa
Restaurant to Another World ,"Studios: SILVER LINK.
Genres: Fantasy, Gourmet, Slice of Life",https://youtu.be/h-7JarkA_3o?si=-5WAH_rAQLAW2AF4
The Dawn of the Witch ,"Studios: Tezuka Productions
Genres: Action, Adventure, Comedy, Fantasy",https://youtu.be/o0WY1gdj0O0?si=I_DWEgeYjnr9ogCg
The Day I Became a God ,"Studios: P.A. Works
Genre: Drama",https://youtu.be/pJvoP1Nz-Bs?si=cv8yQl_mZd-OzHJ3
The Executioner and Her Way of Life ,"Studios: J.C.Staff
Genres: Action, Adventure, Fantasy",https://youtu.be/6ixSWvF7L-A?si=fb0Z1fSAMZ2O4Qy7
The Hidden Dungeon Only I Can Enter ,"Studios: Okuruto Noboru
Genres: Action, Adventure, Fantasy, Ecchi",https://youtu.be/pmAtu4T8kD4?si=JM8uBSyenfHAEwlR
The Iceblade Sorcerer Shall Rule the World ,"Studios: Cloud Hearts
Genres: Action, Fantasy",https://youtu.be/FbUEc-KM9U0?si=DAJGfNFOKqemDBpy
The Irregular at Magic High School ,"Studios: Madhouse
Genres: Action, Fantasy, Romance, Sci-Fi",https://youtu.be/hRxZ2qfF1Dg?si=ogCnkXmq-aojoagQ
The Last Summoner ,"Studios: ASK Animation Studio
Genres: Action, Adventure, Drama, Fantasy",https://youtu.be/6iniZx9sq3Q?si=untybyc2qAr1XscD
The Legend of the Legendary Heroes ,"Studios: Zexcs
Genres: Action, Adventure, Fantasy",https://youtu.be/_E2XXe3esgE?si=uZFYZs9IaXvTlibH
The Reincarnation of the Strongest Exorcist in Another World ,"Studios: Studio Blanc.
Genres: Action, Adventure, Fantasy",https://youtu.be/Vagl4Pvh3O8?si=foc54EgBSvbSSvFX
The World's Finest Assassin Gets Reincarnated in Another World as an Aristocrat ,"Studios: SILVER LINK., Studio Palette
Genres: Action, Drama, Fantasy, Mystery, Romance",https://youtu.be/u0rfZS13e_o?si=2Yf7KiXvtc5zjYeU
Tokyo Ravens ,"Studios: 8bit
Genres: Action, Fantasy, Romance",https://youtu.be/g-HcGIino8g?si=3IX_x590tGRMmakW
Mashle: Magic and Muscles,"Studios: A-1 Pictures
Genres: Action, Comedy, Fantasy",https://youtu.be/9rVKos-oGnQ?si=MJysoFbudNQEnn07
Gintama,"Studios: Sunrise
Genres: Action, Comedy, Sci-Fi",https://youtu.be/OQYcEEkG_V0?si=nLlBE8jhbIIJ9-L3
Masamune-kun's Revenge,"Studios: SILVER LINK.
Genres: Comedy, Romance",https://youtu.be/To_dQ2oMqA0?si=I6qjthWpK7_NT5cb
The Dreaming Boy is a Realist,"Studios: Studio Gokumi, AXsiZ
Genres: Comedy, Romance",https://youtu.be/yxATRddJ0Ao?si=oHmAKHQXr9wJm0Tp
Seraph of the End,"Studios: Wit Studio
Genres: Comedy, Supernatural",https://youtu.be/aNgT6MxOURQ?si=G6V-AqRZWyUb3AXs
Mr villain's day off,"Studios: SynergySP, Shin-Ei Animation
Genres: Fantasy, Slice of Life",https://youtu.be/F3gRtsdNrMo?si=gm4OF29EhVBKalJk
Black Torch,"Studios: 100studio
Genres: Action, Supernatural",https://youtu.be/eK7TWeVpaPo?si=8p7f9PjUwIL1Ig8X
Nichijou,"Studios: Kyoto Animation
Genre: Comedy",https://youtu.be/qUk1ZoCGqsA?si=bQIvGOGr8PM4W10U
86 Eghty-six,"Studios: A-1 Pictures
Genres: Drama, Sci-Fi",https://youtu.be/eZIMFWAxMxQ?si=pcx3SFnEgz9TQdEs
Code Geass,"Studios: Sunrise
Genres: Award Winning, Drama, Sci-Fi",https://youtu.be/G8CFuZ9MseQ?si=CAcRBqpa6KBU8O8C
Cowboy Bebop,"Studios: Sunrise
Genres: Action, Award Winning, Sci-Fi",https://youtu.be/EL-D9LrFJd4?si=UQzQrt8yDgAs8ZeC
Steins;Gate,"Studios: White Fox
Genres: Drama, Sci-Fi, Suspense",https://youtu.be/1FPdtR_5KFo?si=c-7FuBcO9RmNKBmM
Kabaneri of the Iron Fortress ,"Studios: Wit Studio
Genres: Action, Fantasy, Horror, Suspense",https://youtu.be/ohuMXMuo4pU?si=eNQKa2-OhmWnSea8
The Devil is a Part-Timer ,"Studios: White Fox
Genres: Comedy, Supernatural",https://youtu.be/oe9gQt-x_BE?si=d5fx516sYOD6r9Ge
The Pet Girl of Sakurasou,"Studios: J.C.Staff
Genres: Drama, Romance",https://youtu.be/lDLjk15fhKw?si=_EMqarIPCpwNTqQy
Ghost Stories,"Studios: Studio Pierrot
Genres: Horror, Mystery, Supernatural",https://youtu.be/ZG-MPugFCDM?si=VxDf5VC0snOZyNdw
